ID,titel,lemma,vorm van betrokkenheid,type locatie,link website,foto url,plaats,postcode,straat,huisnumme,x coördinaat,y coördinaat
MB-033,Hortus Botanicus achter Grote Kruisstraat 2,"Tussen de Grote Rozenstraat en de Grote Kruisstraat bevindt zich de voormalige Hortus Botanicus. De eerste hoogleraar die begon met het aanleggen van een botanische tuin was Petrus Mulerius (1599-1647), de zoon van de Groningse hoogleraar Nicolaus Mulerius (1564-1630) (zie: ‘Senaatszaal van het Academiegebouw aan de Broerstraat 5’). Petrus Mulerius werd in 1628 tot hoogleraar in de Wis- en Natuurkunde benoemd, waarna hij zich toespitste op de plantkunde. Mulerius woonde in de Schuitemakersstraat en legde in zijn achtertuin een botanische tuin aan, waar hij veel planten hield die hij tijdens studiereizen verzamelde. Na Mulerius’ dood kwam een officiële botanische tuin tot stand tussen de Grote Rozenstraat en de Grote Kruisstraat. Mulerius was ook betrokken bij de WIC, in het notarieel archief te Amsterdam staat dat hij in 1637 drieduizend gulden in de Kamer in Amsterdam investeerde. Ook was Mulerius enkele jaren rekenmeester van de Kamer Stad en Lande van de WIC. In de jaren 1960 verhuisde de botanische tuin naar het landgoed De Wolf te Haren. De voormalige hortustuin aan de Grote Kruisstraat is nog steeds te bezoeken. MB","Aandeelhouder Kamer Amsterdam van de WIC, Aandeelhouder Kamer Stad en Lande van de WIC, Bestuurder Kamer Stad en Lande van de WIC",Werklocatie,,http://www.groningerarchieven.nl/zoeken/mais/archief/?mivast=5&miadt=5&mizig=722&miview=ldt&milang=nl&micols=1&mires=0&mizk_alle=Petrus%20Mulerius,Groningen,9712TH,Grote Rozenstraat,2,"53,222,812","6,558,111"
MB-002,Senaatszaal van het Academiegebouw aan de Broerstraat 5,"Het portret van Nicolaus Mulerius (1564-1630) hangt in de Senaatszaal aan de wand tussen de portretten van voormalige hoogleraren aan de Rijksuniversiteit Groningen. Hij werd aangesteld als hoogleraar in de Geneeskunde en Wiskunde tijdens de oprichting van de universiteit in 1614. Mulerius had ook banden met de WIC: hij behoorde tot de bewindhebbers van het eerste uur van de Kamer Stad en Lande van de WIC en investeerde de destijds omvangrijke som van 17.500 gulden in deze Kamer. Hij verkreeg de functie als bewindhebber vanwege zijn kennis over wis- en sterrenkunde, die kon worden ingezet bij het uitstippelen van de trans-Atlantische handelsroutes. Nicolaus Mulerius was ook bekend als bibliothecaris van de in 1615 opgerichte universiteitsbibliotheek. Hij was rector magnificus van de universiteit van 1617 tot 1618. Zijn zoon Petrus Mulerius (1599-1647) werd, evenals zijn vader, hoogleraar aan de universiteit en ook hij investeerde in de WIC (zie: ‘Hortus Botanicus achter Grote Kruisstraat 2’). MB","Aandeelhouder Kamer Stad en Lande van de WIC, Bestuurder Kamer Stad en Lande van de WIC",Plaats van herinnering,,http://www.groningerarchieven.nl/zoeken/mais/archief/?q=Nicolaus+Mulerius&mivast=5&mizig=722&miadt=5&milang=nl&mizk_alle=Nicolaus%20Mulerius&miview=ldt,Groningen,9712CP,Broerstraat,5,"53,219,226","6,563,076"
MB-018,Universiteitsbibliotheek aan de  Oude Kijk in ’t Jatstraat 9,"Joachim Alting (1556-1625) werd burgemeester van Groningen na de bevrijding van de Spanjaarden in 1594. In 1622 was hij betrokken bij de oprichting van de Kamer Stad en Lande van de WIC en werd hij als bewindhebber van de Kamer gekozen. Alting vertegenwoordigde de Groningse Kamer in Amsterdam en Den Haag tijdens vergaderingen aldaar. Als burgemeester zette hij zich ook in voor de oprichting van de universiteit in Groningen. Van 1614 tot 1620 was hij de eerste curator, dat wil zeggen bestuurder in de Raad van Toezicht, van de universiteit. Alting financierde een basiscollectie van 403 boeken voor de nieuw op te richten Universiteitsbibliotheek (UB). Deze collectie is door de eeuwen heen uitgebreid tot zo’n drie miljoen boeken, dertigduizend tijdschriften en vijftienhonderd manuscripten. De UB is sinds 1987 gehuisvest aan de Broerstraat 4, tegenover het Academiegebouw. MB","Aandeelhouder Kamer Stad en Lande van de WIC, Bestuurder Kamer Stad en Lande van de WIC",Werklocatie,,http://www.groningerarchieven.nl/zoeken/mais/archief/?q=joachim+alting&mivast=5&mizig=962&miadt=5&milang=nl&mizk_alle=joachim%20alting&miview=gal1,Groningen,9712EA,Oude Kijk in 't Jatstraat,9,"53,218,570","6,562,743"
MB-001,Praedinius Gymnasium aan de Turfsingel 82,"Het Stedelijk Gymnasium kent een lange geschiedenis voor het op deze plek werd gebouwd. Voor de oprichting van de universiteit verzorgde de Latijnse school, de voorloper van het gymnasium, het hoogste onderwijs dat in Groningen kon worden gevolgd. De eerste rector magnificus van de universiteit, Ubbo Emmius (1547-1625), was enkele jaren rector van de Latijnse school. Hij droeg het stokje over aan oud-predikant Joachim Borgesius (1585-1663) die al enige jaren rector van de Latijnse school in Appingedam was geweest. De Latijnse school was toentertijd sterk verweven met de universiteit en haar hoogleraren, al was het alleen al omdat ze hetzelfde gebouw deelden aan de Broerstraat. Voordat Borgesius naar Groningen kwam stond hij drie jaar lang in de kerk van Westerwijtwerd. In diezelfde tijd stond zijn naam, samen met die van vijftien andere predikanten, vermeld op de participantenlijst van de Kamer Stad en Lande van de WIC. Het gaat daarbij om de investeerders in de Kamer. Voor deze dominees speelde naast het commerciële motief ook de wereldwijde verspreiding van het Christelijke geloof. Borgesius’ aandelen zijn in de familie gebleven en kwamen uiteindelijk ook handen van zijn kleinzoon Jacobus Borgesius (1687-1757). MB",Aandeelhouder Kamer Stad en Lande van de WIC,Werklocatie,,,Groningen,9711VX,Turfsingel,82,"53,221,070","6,571,572"
TL-035,Woonhuis aan het Martinikerkhof 27 ,"Op de hoek van de Sint Walburgstraat en het Martinikerkhof woonden verschillende families die aandelen hadden in Surinaamse plantages. Eerst, tussen 1832 en 1834, Ockje Meder (1808-1883), met haar kinderen en haar echtgenoot Jan Willem Cornelis baron van Ittersum  (1803-1880) (zie: ‘Martinikerkhof 10’). Later, in 1840, was het huis overgegaan op haar nicht Hillegonda Adriana Feith (1802-1873) en haar gezin. Hillegonda was getrouwd met Hendrik Ludolf Wichers (1800-1853), destijds officier van justitie en later minister van justitie. Zowel Ockje Meder als Hillegonda Feith hadden in 1863, het jaar waarin de slavernij formeel werd afgeschaft, een aandeel in de suikerplantage ’t IJland te Suriname, dat hen was nagelaten door hun oom Louis Rhijnvis Feith (1783-1845) uit Dalfsen (zie voor meer aandeelhouders in plantage t’ IJland: ‘Sint Jansstraat 13’, ‘Akerkhof 7’, ‘Akerkhof 11’ en ‘Oosterstraat 46’). Tegenwoordig wordt het pand aangemerkt als gemeentelijk monument en doet het dienst als kantoor voor een strafrechtadvocaat. TL",Aandeelhouder plantage,Woonlocatie,,,Groningen,9712JH,Martinikerkhof,27,"53,220,432","6,568,390"
TL-007,Woonhuis Herestraat 61 ,"In de jaren 1830 nam de familie Trip-Van de Lande haar intrede in de Herestraat 61, waar zij zeker twee decennia hebben gewoond. Berend Trip (1786-1853), hoofd van het gezin, was tijdens zijn leven werkzaam als rechter bij de rechtbank van Groningen, Veendam en Zuidbroek. Hij was getrouwd met Maria Aletta van de Lande (1790-1858), één van de erfgenamen van haar tante Catharina van de Lande (1750-1785). Catharina was de eigenaresse van de suikerplantage Rac-à-Rac aan de Surinamerivier in Suriname (zie voor andere Groningse erfgenamen: ‘Oude Boteringestraat 2’ en ‘Turftorenstraat 28’). Berend Trip – en na diens overlijden zijn zoon Abraham Trip (1819-1888) – wilden de aanspraken op dit aandeel hard maken, getuige de correspondentie die zij nalieten in het familiearchief. Bij de formele afschaffing van de slavernij in 1863 ontving de familie Trip-Van de Lande 1350 gulden (1/8e aandeel van een som van 10.800 gulden) ter compensatie van de vrijlating van 49 tot slaaf gemaakten, die tot dat moment in haar bezit waren. De familie zou maar weinig van het huidige pand terug herkennen aangezien het in 1963 ingrijpend is verbouwd. Nu doet het huis dienst als lingeriewinkel. TL",Aandeelhouder plantage,Woonlocatie,,http://www.groningerarchieven.nl/zoeken/mais/archief/?miadt=5&miaet=14&micode=1536&minr=5477767&miview=ldt,Groningen,9711LC,Herestraat,61,"53,216,215","6,567,890"
TL-037,Woonhuis in de Oosterstraat 46 ,"Op dit adres woonde het gezin van Hendrikus Octavius Feith sr. (1778-1849) en Harmanna Maria Meurs (1774-1832), gevolgd door zoon Hendrik Octavius Feith jr. (1813-1895) en zijn familie. Beide mannen waren prominente Groningers, die naast hun werk bij de Groningse rechtbank en filantropische activiteiten (onder meer bij het Toevluchtsoord voor meisjes) ook geroemd worden vanwege hun werk als rijksarchivaris van Groningen.  Tegenwoordig leeft hun naam nog onder andere voort via het Feithhuis aan het Martinikerkhof. Hendrik Feith jr. was een van de erfgenamen van de erfenis van zijn oom Louis Rhijnvis Feith (1783-1845) uit Dalfsen. Onderdeel van deze erfenis was een aandeel in de suikerplantage ’t IJland te Suriname met 122 slaven in 1863 (zie voor meer aandeelhouders in plantage t’ IJland: ‘Martinikerkhof 12’, ‘Martinikerkhof 27’, ‘Sint Jansstraat 13’, ‘Akerkhof 7’ en ‘Akerkhof 11’). In 1863 werd de slavernij in Suriname formeel opgeheven en werden compensatiegelden voor aandeelhouders in plantages vastgesteld . Hendrik Feith jr. ontving zijn compensatie  waarschijnlijk in 1878, toen het zogenaamde ‘vruchtgebruik’ van de erfenis door de weduwe van Louis Rhijnvis Feith bij haar overlijden verviel. Na het overlijden van Feith jr. heeft het gebouw onder meer gefunctioneerd als gymnasium tot 1923. Het pand doorstond de Tweede Wereldoorlog niet. De deuromlijstingen zijn gebruikt voor het opknappen van Grote Markt 42  na de Tweede Wereldoorlog. Tegenwoordig is het perceel samengevoegd met nummer 48 en is er een reisbureau gevestigd. TL",Aandeelhouder plantage,Woonlocatie,,http://beeldbankgroningen.nl/beelden/detail/24082b07-1a31-cb62-79ea-84e975864e68/media/52c521f9-19a4-88e1-af0f-9b76d033ccbb,Groningen,9711NW,Oosterstraat,46,"53,217,014","6,570,202"
TL-039,Woonhuis Sint Jansstraat 13 ,"Op dit adres woonden Rhijnvis Feith (1822-1897) en Johanna Martha Aurelia Hora Buma (1843-1895) met hun kinderen vanaf de jaren 1860. Feith werd als één van de erfgenamen van Louis Rhijnvis Feith (1783-1845) uit Dalfsen, eigenaar van een aandeel in de suikerplantage ’t IJland te Suriname met 122 slaven in 1863 (zie voor meer aandeelhouders in plantage t’ IJland: ‘Martinikerkhof 12’, ‘Martinikerkhof 27’, ‘Akerkhof 7’, ‘Akerkhof 11’ en ‘Oosterstraat 46’). Hij werkte bij het kassierskantoor Mrs. Van Vierssen Trip en Feith. Sint Jansstraat 13  heeft lang dienst gedaan als woonhuis, tegenwoordig is er een marketingbureau werkzaam. TL",Aandeelhouder plantage,Woonlocatie,,,Groningen,9712JM,Sint Jansstraat,13,"53,219,536","6,570,921"
TL-043,Martinikerkhof 12 ,"In een woning op de locatie die tegenwoordig bekend is als provinciehuis hebben Ockje Meder (1808-1883) en haar man Jan Willem Cornelis baron van Ittersum (1803-1880) geruime tijd gewoond vanaf 1836  (zie voor een eerder woonadres: ‘Martinikerkhof 27’). Meder was aandeelhouder in de Surinaamse suikerplantage ’t IJland door een erfenis van Louis Rhijnvis Feith (1783-1845) (zie voor meer aandeelhouders in plantage t’ IJland: ‘Martinikerkhof 27’, ‘Akerkhof 7’, ‘Akerkhof 11’, ‘Sint Jansstraat 13’ en ‘Oosterstraat 46’). Ook de familie Van Ittersum had een deel van de aandelen in deze plantage. Net als Meder werden zij gecompenseerd voor de aandelen die zij hadden in slaven bij de formele afschaffing van de slavernij in Suriname in 1863. Na een succesvolle militaire carrière (als kapitein in de Gelderse schutterij werd hij onderscheiden tot ridder Vierde Klasse van de Militaire Willemsorde) kreeg Van Ittersum een baan als directeur van de post in Groningen in de jaren 1840. Een jaar lang zou hij deze functie combineren met die van burgemeester van Groningen. Het pand, dat uit de late middeleeuwen stamt en tot het einde van de zestiende eeuw dienst deed als Latijnse School, kreeg daarna zijn functie als Provinciehuis. In de loop der eeuwen is het meerdere keren rigoureus verbouwd als uitbreiding van het Provinciehuis noodzakelijk bleek. Het uiterlijk van het Provinciehuis zoals we dat nu kennen stamt uit 1915. Een deel van de Latijnse School is echter nog bewaard gebleven aan de binnenzijde, het wordt gebruikt als vergaderzaal van de Provinciale Staten. TL",Aandeelhouder plantage,Woonlocatie,,,Groningen,9712JG,Martinikerkhof,12,"53,219,782","6,569,873"
TL-044,Woonhuis Akerkhof 11 ,"In dit pand woonde ten tijde van de formele afschaffing van de slavernij in Suriname in 1863, de familie Trip-Van Sandick. Jonkheer Mr.  Samuel Wolther Trip (1804-1886) was werkzaam bij de rechtbank van Groningen. Hij was getrouwd met Ockje van Sandick (1806-1868), een van de kleindochters van de dichter Rhijnvis Feith (1753-1824) en erfgename van een aandeel in de Surinaamse suikerplantage ’t IJland, met 122 slaven in 1863. (zie voor meer aandeelhouders in plantage t’ IJland: ‘Martinikerkhof 12’, ‘Martinikerkhof 27’, ‘Sint Jansstraat 13’, ‘Akerkhof 7’, en ‘Oosterstraat 46’). De Van Sandicks waren als gezamenlijke erfgenamen (7/8e deel) van hun in 1822 overleden vader Onno Zwier van Sandick (1759-1822) ook betrokken bij koffieplantage Mon Bijou en suikerplantage Rozenburg in Suriname (zie voor meer over deze plantages: ‘Akerkhof 7’). Het beheer daarvan was in 1829 overgedragen aan Amsterdams handelshuis Bienfait & zoon. In 1863 werkten op de plantages gezamenlijk 170 tot slaaf gemaakten. De schulden die de familie Van Sandick sinds circa 1750 had opgebouwd door de verliesgevende plantages, zorgden ervoor dat de financiële compensatie voor de vrijverklaarde slaven niet in eigen zak terecht kwam. De plantages zelf werden in 1864 aan firma Bienfait toegekend. Op de benedenverdieping is nu een winkel gericht op damesmode gevestigd. Het pand heeft de status van rijksmonument. TL",Aandeelhouder plantage,Woonlocatie,,,Groningen,9712BA,Akerkhof,11,"53,217,112","6,563,201"
LJ-043,Pepergasthuis aan de Peperstraat 22,"Het Peper- of Geertruidgasthuis was één van meerdere instellingen die investeerden in de Kamer Stad en Lande van de WIC (zie: ‘Sint Anthonygasthuis aan de Rademarkt 29’ en de ‘, Diaconie van de Martinikerk’ aan het Martinikerkhof 3’). Het gasthuis had voor 1720 een bedrag van 1100 gulden bij de Kamer ingelegd. Oorspronkelijk diende het als gasthuis voor katholieke pelgrims. Na de Reductie van Groningen in 1594 – en daarmee de overgang naar het nieuwe protestantse bewind en de onteigening van alle bezittingen van de rooms-katholieken – werd het een woongemeenschap voor oudere stadjers. Daarnaast werd een deel gebruikt als ‘dolhuis’, waar geesteszieken werden ondergebracht en op zondagen tegen betaling bezichtigd konden worden. In de loop van de twintigste eeuw kwamen steeds meer woningen in het complex leeg te staan, vanwege de hoge inkoopsom. Vanaf de tweede helft van de twintigste eeuw konden de woningen ook gehuurd worden, waarna de leegstand snel verminderde. Het complex bestaat nog steeds en is te bezoeken. LJ",Aandeelhouder Kamer Stad en Lande van de WIC,Werklocatie,,https://upload.wikimedia.org/wikipedia/commons/3/32/Peper_of_Geertruitsgasthuis1.jpg,Groningen,9711PE,Peperstraat,22,"53,217,394","6,571,233"
LJ-045,Hoek van ’t Ameland aan de Noorderhaven 64,"Schepen die in de zeventiende eeuw na een lange trans-Atlantische tocht weer naar Groningen voeren kwamen de stad binnen via het Reitdiep. Van Zoutkamp liep het water meanderend naar de stad, waar de schepen door de Kranepoort de stad binnenvoeren. De meeste schepen meerden aan in de Noorderhaven, op de hoek van de Zuidkade daarvan en de Hoge der Aa – de ‘Hoek van 't Ameland’ genoemd – lag een groot pakhuis van de Kamer Stad en Lande van de WIC. Dit pakhuis is rond 1800 afgebroken. Naast de vroegere locatie van dit pakhuis staat een ander pakhuis uit de achttiende eeuw, waar nog steeds met grote letters de woorden ‘De Compagnie’ op de gevel geschreven staan (zie: ‘De Compagnie aan de Noorderhaven 60’). LJ",Handel in door slaven geproduceerde goederen,"Plek van productie, handel en bouw",,,Groningen,9712VM,Noorderhaven,64,"53,219,351","6,557,704"
LJ-051,Borg Tammingahuizen bij Winneweer,"Op de borg Tammingahuizen in Wittewierum woonde Jonker Christoffer van Ewsum (1600-1644). In 1622 was hij één van de eerste bewindhebbers van de Kamer Stad en Lande van de WIC. Hij investeerde 8500 gulden in deze Kamer en was ook hoofdparticipant bij de Kamer van Amsterdam. Zijn zoon Ulrich van Ewsum (1623-1706) was in 1649 hoofdparticipant in de Kamer Stad en Lande van de WIC (zie: ‘Elmersmastede aan de Zuiderweg 18 in Hoogkerk’). De borg Tammingahuizen, waarvan wordt gezegd dat hij bij Wittewierum hoorde, maar feitelijk dichter bij Winneweer stond, is afgebroken. Wel is de borgstee nog goed in het landschap te herkennen. Zo is de slotgracht nog volledig intact. LJ","Aandeelhouder Kamer Amsterdam van de WIC, Aandeelhouder Kamer Stad en Lande van de WIC, Bestuurder Kamer Stad en Lande van de WIC",Woonlocatie,,http://tammingaeducatief.nl/stamboom/Tenpost.jpg,Winneweer,9793PA,Rijksweg,241,"53,307,356","6,734,856"
LJ-059,Heerd Tacuma in Uithuizen,"Tegenover Uithuizerweg 17, in een weiland net ten zuiden van de N363 lag de heerd (herenboerderij) Tacuma. Hier woonde Johan Coehoorn (1585-1677), grootgrondbezitter en van 1643 tot 1645 lid van de Gedeputeerde Staten, het dagelijks bestuur van het gewest. Hij was ook hoofdparticipant van de Kamer Stad en Lande van de WIC in 1638, met een belang van 4000 gulden. Tacuma, ook wel Takuma of Tacoma, staat er niet meer. Het was een groot steenhuis (versterkte woning) die ook wel eens wordt aangeduid als borg, maar niet de daaraan verbonden rechten had. LJ",Aandeelhouder Kamer Stad en Lande van de WIC,Woonlocatie,,,Uithuizen,,,,"53,410,404","6,698,598"
LJ-060,Kerk van Zuidwolde,"Onder de kerkelijke instellingen die in de West-Indische Compagnie investeerden was ook één van de oudste kerken van het gewest: de kerk van Zuidwolde. Het kapitaal van de kerk werd beheerd door Johan Sickinge (1576-1652), die zelf ook tot de eerste investeerders in de WIC behoorden (zie: ‘Warffumborg bij Warffum’). De kerk had in 1641 een aandeel van 2000 daalders in de Kamer Stad en Lande van de WIC en 1500 daalders in de Kamer Amsterdam. Hoewel dit bedrag later werd verkleind tot 450 gulden in de Kamer Stad en Lande en 169 gulden in die van Amsterdam, bleef de kerk dividend innen van de Compagnie tot haar opheffing in 1791. LJ",Aandeelhouder Kamer Stad en Lande van de WIC,Werklocatie,,https://upload.wikimedia.org/wikipedia/commons/1/18/Kerk1_Zuidwolde_Groningen.jpg,Zuidwolde,9785AL,Boterdiep Wz,43,"53,261,254","6,593,088"
LJ-068,Stadtwijck in Sappemeer ,"Op de veenkoloniale borg Stadtwijck naast het Winschoterdiep in Sappemeer woonde de Groninger jurist Jacob Appius (1730-1789) met zijn zwarte bediende Jan Christiaan. Appius, geboren en getogen in Groningen en na zijn studie aldaar lange tijd werkzaam in Amsterdam, woonde daarna tussen 1755 en 1770 in Suriname . In 1770 verhuisde hij met Jan Christiaan naar Groningen, waar hij deze borg nabij Sappemeer betrok. In de bevolkingsregisters uit die tijd wordt melding gemaakt van Jan Christiaan: ‘een Africaensche neger een dienstknegt van den Wel. Ed. J. Appius’. In het testament van Appius werd vastgelegd dat Jan Christiaan na zijn overlijden ieder jaar 104 gulden zou ontvangen.  De borg, die aan de westzijde van de Herenstraat te Sappemeer lag, staat er niet meer. Woonzorgcomplex Stadwijck is vernoemd naar de voormalige borg. LJ",Zwarte Groninger,Woonlocatie,,https://mappingslavery.files.wordpress.com/2014/12/img_20141125_143131-1.jpg,Sappemeer,9611AE,Noorderstraat,217,"53,164,636","6,797,577"
LJ-072,Buitenplaats Brinkhoven in Paterswolde,"Brinkhoven was de buitenplaats van Hendrik Gerrit van Bulderen (1723-1806). Hij was de laatste boekhouder van Kamer Stad en Lande van de WIC. Daarna werd hij directeur van het departement Groningen van de Raad der Koloniën en vanaf 1795 lid van het West-Indisch Comité. Als zoon van de vorige boekhouder Abraham Blencke (1695-?) heette hij eigenlijk Hendrik Gerrit Blencke (1724-1806), maar hij nam de naam van zijn moeder aan, vermoedelijk vanwege het sodomieschandaal waarin zijn vader in 1730 verwikkeld was geraakt (vermoedelijk ook de reden dat Abraham toen spoorloos is verdwenen). Hendrik Gerrit was de laatste van meerdere generaties van de familie Blencke die vrijwel vanaf het begin in dienst waren van de Kamer Stad en Lande van de WIC. Meerdere generaties woonden op het terrein van het West-Indisch Huis te Groningen (zie: ‘West-Indisch Huis aan de Munnekeholm’ en ‘Huis Bijma te Faan’). Van Bulderen is verantwoordelijk geweest voor de vernietiging van alle archieven van de Kamer Stade en Lande van de WIC in 1801. Buitenplaats Brinkhoven is in de negentiende eeuw afgebroken. Behalve de straatnaam Brinkhovenlaan is er niets van terug te vinden. LJ",Bestuurder Kamer Stad en Lande van de WIC,Woonlocatie,,,Paterswolde,9765BK,Brinkhovenlaan,12,"53,149,529","6,571,216"
LJ-079,Martinikerk,"In de Martinikerk ligt de protestantse elite van Groningen uit met name de zeventiende en achttiende eeuw begraven. Onder hen ook enkelen die betrokken waren bij de Kamer Stad en Lande van de WIC en zich bezighielden met slavenhandel. Bijvoorbeeld William Butler (1686-1731), die directeur was van Fort Elmina in Ghana, waar hij zich bezighield met slavenhandel en pogingen ondernam om katoen- en indigoplantages op te zetten (zie: ’Huize Overwater aan de Hoofdstraat 20 in Hoogezand’). Verder ligt er Willem Viersen (?-1630), bewindhebber van de Kamer Stad en Lande van de WIC en gecommitteerde bij de vergadering van de Heren XIX, het landelijke bestuur van de WIC. Viersen speelde een belangrijke rol bij de oprichting van de Groningse Kamer en trok de taak van gecommitteerd bewindhebber naar zich toe. Dit deed hij op basis van zijn financiële en juridische kennis opgedaan als boekhouder en solliciteur, bevoegde tot het opstellen en indienen van verzoekschriften. Hendrik Woortman (1740-1779), die bijna twintig jaar als ambtenaar in dienst van de WIC en als slavenhandelaar actief was op de Nederlandse Goudkust, het huidige Ghana, zou eveneens begraven moeten liggen in de Martinikerk. De precieze locatie van zijn graf is onbekend (zie: ‘Het voorval Woortman in de Herestraat’). Ook één van de eerste bewindhebbers van de Kamer Stad en Lande van de WIC, Jonker Diderik Scharff (1578-1636), ligt in de kerk begraven (zie: ‘Schatsborg aan de Tolweg 14 bij Leermens’). LJ","Aandeelhouder Kamer Stad en Lande van de WIC, Bestuurder Kamer Stad en Lande van de WIC, Slavenhandelaar, Koloniaal bestuurder WIC",Plaats van herinnering,,,Groningen,9712JG,Martinikerkhof,3,"53,219,409","6,568,472"
LJ-089,De Branderij aan de Poelestraat 55 ,"Op de hoek van het Schuitendiep en de Poelestraat staat de voormalige koffiebranderij  en theehandel van H. Smith. De naam van het café-restaurant dat er nu gevestigd is, ‘De Branderij’, doet nog denken aan de vroegere bestemming. Smith vestigde zich op deze locatie in 1855, toen alleen al op koffieplantages in Suriname zo’n zesduizendtot slaafgemaakten werkzaam waren. Tot die werkzaamheden behoorde het uitbaggeren van afwateringskanalen en verwijderen van bestaande begroeiing op het moment dat de plantage werd aangelegd, het planten en onderhouden van de koffiebomen en het met de hand oogsten van de koffiebonen. Vervolgens moesten de bonen ontdaan worden van hun schil, gedroogd in de zon en vliezen verwijderd. Alleen de laatste stap, het branden van de bonen gebeurde in Nederland. Er waren in Groningen meer plaatsen waar dit soort producten werden verwerkt en verkocht (zie: ‘De Drie Webben aan de noordzijde van de Vismarkt’ en ‘Woonhuis kruidenier aan de Pluimersstraat 12’). Het huidige pand stamt uit 1895. LJ",Handel in door slaven geproduceerde goederen,"Plek van productie, handel en bouw",,http://www.pipemuseum.nl/pkcms/afbeeldingen/c/25.000/25.154/vig-tabak-rokende-chinees-1_fs.jpg,Groningen,9711PK,Poelestraat,55,"53,218,397","6,572,374"
LJ-091,"West-Indische Opslag, nu Reitemakersrijge","Tot de demping van het Zuiderdiep in 1880 konden schepen die zuidwaarts op de Aa voeren links afslaan richting de pakhuizen aan de het Zuiderdiep, het Kattendiep en verderop het Damsterdiep. De Reitemakersrijge heette de West-Indische Opslag. Hier werden net als in het grote pakhuis bij de Hoek van ’t Ameland (zie: ‘Hoek van ‘t Ameland aan de Noorderhaven 64’) de goederen van de Kamer Stad en Lande van de WIC opgeslagen, zoals bier, beschuit en ballast voor de bevoorrading van schepen en door slaven geproduceerde waren als koffie, suiker en tabak die in stad en Ommeland verhandelt konden worden. LJ",Handel in door slaven geproduceerde goederen,"Plek van productie, handel en bouw",,https://mappingslavery.files.wordpress.com/2014/12/westindischeopslag.png?w=760,Groningen,9711HT,Reitemakersrijge,22,"53,215,668","6,559,915"
LJ-106,Elmersmastede aan de Zuiderweg 18 in Hoogkerk,"In de Elmersmastede bij het Hoendiep in Hoogkerk woonde de Ommelander jonker Ulrich van Ewsum  (1623-1706). Hij was vanaf 1649 aandeelhouder in de Kamer Stad en Lande van de WIC, voor welk bedrag is onduidelijk. Zijn vader Christoffel van Ewsum (1600-1644) was bij de Groningse Kamer en die in Amsterdam betrokken (zie: ‘Borg Tammingahuizen bij Winneweer’). De borg staat er niet meer. Op de voormalige locatie van het gebouw bevinden zich nu woonhuizen, tuinen en een parkeerplaats. LJ",Aandeelhouder Kamer Stad en Lande van de WIC,Woonlocatie,,https://upload.wikimedia.org/wikipedia/commons/4/4f/Elmersmaborg_in_1700.jpg,Hoogkerk,,Zuiderweg,,"53,215,344","6,501,269"
LJ-120,Huis Delmina bij Engelbert,"Ten zuiden van Engelbert, vlak bij het Winschoterdiep, stond ooit het statige huis Delmina. Het huis werd in 1779 gebouwd door Hendrik Woortman (1740-1779), de zoon van Pieter Woortman (1700-1780), als buitenverblijf. Hij vernoemde het naar Fort Elmina van de WIC aan de Nederlandse Goudkust, het huidige Ghana, waar zijn vader van 1767 tot 1780 de langstzittende gouverneur en directeur-generaal was geweest. Het huis is in 1839 afgebroken. Ook de nabijgelegen Woortmansdijk is door Hendrik Woortman aangelegd (zie voor Hendrik Woortman: ‘Het voorval  Woortman in de Herestraat’, en Pieter Woortman: ‘Kruidenierszaak van Woortman aan het Damsterdiep’). LJ","Koloniaal bestuurder WIC, Slavenhandelaar",Woonlocatie,,,Westerbroek,9608TA,Woortmansdijk,2,"53,189,335","6,644,649"
LJ-126,Sint Anthonygasthuis aan de Rademarkt 29,"Het Sint Anthonygasthuis, een liefdadige instelling die onderdak bood aan mensen met een verstandelijke beperking of psychische aandoening, behoorde tot de eerste investeerders in de Kamer Stad en Lande van de WIC in 1622. In de jaren dertig van de zeventiende eeuw hadden zij een aandeel van 450 gulden in de Kamer. Tot het einde van de Compagnie in 1791 bleef het gasthuis dividend innen. Dit was niet de enige kerkelijke instelling die geld in de Kamer stak (zie: ‘Pepergasthuis aan de Peperstraat 22’ en de ‘Diaconie van de Martinikerk aan het Martinikerkhof 3’). In 1712 werd een werknemer van de WIC, wiens naam wij helaas niet kennen,  in het dolhuis opgenomen. De man was door het stadsbestuur op verzoek van zijn vrouw op een trans-Atlantische reis gezonden. Ze had geklaagd over ‘veele quade bejegeningen’ die zij van hem ondervond, waarop het stadsbestuur had gezegd dat hij ‘op een of ander schip naar West-Indien’ zou worden gestuurd. Het schip leed schipbreuk, maar de man keerde heelhuids terug, waarna hij in het gasthuis werd ondergebracht. Het gasthuis verkreeg een deel van haar inkomsten uit het kostgeld dat bewoners moesten betalen. Ook werd op zondagmiddag geld verdiend met de bezichtiging van de patiënten, die als een soort toeristische attractie dienden. Vanaf 1844 werden er ouderen ondergebracht en verloor het de status van dolhuis. Tegenwoordig zijn alle leeftijden welkom. Het gasthuis bestaat nog steeds en is te bezoeken. LJ",Aandeelhouder Kamer Stad en Lande van de WIC,Werklocatie,,https://upload.wikimedia.org/wikipedia/commons/thumb/4/4d/Sint_Anthonygasthuis3_Groningen.jpg/1024px-Sint_Anthonygasthuis3_Groningen.jpg,Groningen,9711CT,Rademarkt,29,"53,215,010","6,571,932"
LJ-128,Borg Fraam bij Huizinge,"Op de borg Fraam bij Huizinge woonde in de zeventiende eeuw Jonker Berend Coenders (1601-1678). Hij was geboren op de Coendersborg in Helpman (zie: ‘Coendersborg in Helpman’), maar verhuisde in 1639 naar Huizinge. Hij was bewindhebber in de Kamer Stad en Lande van de WIC vanaf 1629. Op enig moment deed hij afstand van zijn positie, waarna hij in 1649 terugkeerde als bewindhebber. Ook had hij in 1643 als hoofdparticipant een belang van 4500 gulden in deze Kamer. Coenders genoot enige bekendheid in het gewest, niet alleen vanwege zijn rijkdom en invloed, maar ook door zijn alchemistische experimenten. De borg Fraam werd rond 1738 afgebroken. Door ruilverkaveling en egalisering is er niets meer van terug te zien in het landschap. De naam van het plaatsje Fraamklap verwijst naar de borg Fraam bij Huizinge. De brug (=klap) ligt vrij ver van deze voormalige borg af, maar gaf de plaats aan waar men van het Boterdiep moest ‘afslaan’ om via het Westerwijtwerdermaar en het Huizigermaar bij Huizinge (en dus bij de borg) te komen. LJ","Aandeelhouder Kamer Stad en Lande van de WIC, Bestuurder Kamer Stad en Lande van de WIC",Woonlocatie,,,Huizinge,9992TW,Huizingerweg,2,"53,352,698","6,672,096"
LJ-129,Schatsborg aan de Tolweg 14 bij Leermens,"Jonker Diderik Scharf (1578-1636) woonde vanaf 1628 op de Schatsborg bij Leermens. In 1622 werd hij een van de eerste bewindhebbers van de Kamer Stad en Lande van de WIC. De borg stond bekend onder de naam ‘Bolsiersemaheerd’, maar werd later de ‘Scharfsborg’ genoemd en verbasterd tot ‘Schatsborg’. Scharf werd na zijn dood in de Martinikerk in Groningen begraven (zie: ‘Martinikerk’). De Schatsborg staat nu onder toezicht van Monumentenzorg. De grachten zijn grotendeels intact. LJ/BH",Bestuurder Kamer Stad en Lande van de WIC,Woonlocatie,,,Leermens,9912TG,Tolweg,14,"53,354,122","6,787,105"
LJ-131,Borg Asinga te Middelstum,"Jonker Reint Jan Lewe (1656-1704) was één van de vermogendste Groningers van zijn tijd. In 1682 trouwde hij met Helena Clant tot Stedum (1657-1728), de dochter van Johan Clant (1627-1694) (zie: ‘Nittersum te Stedum’) en Anna Coenders (?-1665). Lewe vervulde allerlei belangrijke functies die hem politieke macht en sociale prestige gaven. Zo was hij vanaf 1685 curator van de Groninger Hogeschool, net als zijn vader voor hem, en werd hij twee jaar later hij lid van de Staten-Generaal. Ook een functie als bewindhebber van de Kamer Stad en Lande van de WIC (vanaf 1689) paste in dit rijtje. Vanaf 1695 werd hij ten slotte ook nog gecommitteerde in de Raad ter Admiraliteit te Amsterdam. Lewe woonde waarschijnlijk op borg Asinga te Middelstum, waar nu alleen nog het poortgebouw van is overgebleven. Het terrein is deels bebouwd en deels park. LJ",Bestuurder Kamer Stad en Lande van de WIC,Woonlocatie,,https://upload.wikimedia.org/wikipedia/commons/4/40/Asingaboarch_Middelstum.jpg,Middelstum,9991AA,Burchtstraat,17,"53,348,150","6,643,676"
LJ-135,Borg Rensuma te Uithuizermeeden,"In 1749 werd Mello Alberda (1701-1764) benoemd tot bewindhebber in de Kamer Stad en Lande van de WIC. Hoewel hij toen zowel heer van Rensuma en Nijenstein was, lijkt het er op dat hij vanaf 1718 op Rensuma te Uithuizermeeden woonde. Zijn vader, Onno Alberda van Tamminga (1669-1743), in 1717 ook benoemd tot bewindhebber van de Kamer Stad en Lande van de WIC woonde op Nijenstein (zie: ‘Borg Nijenstein te Zandeweer’). Mello trad op een zeker moment af als bewindhebber van de Kamer, maar werd in 1761 opnieuw benoemd tot bewindhebber. De borg Rensuma staat er nog steeds. In de negentiende eeuw vonden verschillende verbouwingen plaats, waardoor de voorgevel een negentiende-eeuwse uitstraling heeft. De achtergevel behield het achttiende-eeuwse karakter. In de twintigste eeuw deed het pand onder meer dienst als burgemeesterswoning en tuinbouwschool.  LJ",Bestuurder Kamer Stad en Lande van de WIC,Woonlocatie,,https://upload.wikimedia.org/wikipedia/commons/4/4a/Beckeringh_-_Borg_Rensuma%2C_Uithuizermeeden.jpg,Uithuizermeeden,9982BH,Rensumalaan,3,"53,415,044","6,714,211"
LJ-138,Borg Lulema te Warfhuizen ,"In dit veld ten oosten van de weg van Warfhuizen naar Zuurdijk stond ooit de borg Lulema. Hier woonde de Ommelander Jonker Allard Joost Clant (1620-1652). Hij was in 1649 hoofdparticipant in de Kamer Stad en Lande van de WIC voor een bedrag van 4000 gulden. De borg had hij via zijn vrouw Maria Helena Clant (1625-?) in bezit gekregen. In de jaren twintig van de negentiende eeuw werd Lulema afgebroken. Even verderop, bij de boerderij de Stoepemaheerd aan de Hoofdweg 4 in Zuurdijk, zijn echter nog twee zandstenen leeuwen te bewonderen die oorspronkelijk bij deze borg hoorden. LJ",Aandeelhouder Kamer Stad en Lande van de WIC,Woonlocatie,,"https://commons.wikimedia.org/wiki/File:Beckeringh_-_Borg_Lulema,_Warfhuizen.jpg",Warfhuizen,9963PB,Baron van Asbeckweg,57,"53,339,200","6,424,590"
LJ-208,Antoniuskerk te Kantens ,"Dominee Ludolphus Huisinga (1674-1734) ging in 1694 in dienst van de Kamer Amsterdam van de WIC naar de Nederlandse Goudkust, het huidige Ghana, waar hij vier jaar werkzaam was. Hij was niet de enige Groningse predikant die in de loop van de jaren in dienst van de WIC naar een West-Afrikaanse, dan wel, Caraïbische Nederlandse kolonie gestuurd zou worden (zie: ‘Geboortehuis van Wigbolt Rasvelt aan de Turfstraat’ en ‘Kerk van Woltersum’). In 1698 keerde Huisinga terug, waarna hij tot zijn dood dominee zou zijn in de huidige provincie Groningen, achtereenvolgens in Bierum en Kantens. In deze kerk in Kantens heeft hij de laatste jaren van zijn leven gepredikt.  LJ",In dienst van de WIC,Werklocatie,,,Kantens,9995PL,Kerkhofsweg,2,"53,365,587","6,633,720"
LJ-238,Kerk van Woltersum,"Nathan Erichson (1698-1729) was tot 1728 predikant van de kerk van Woltersum. In 1729 vertrok hij in dienst van de Kamer Amsterdam van de WIC naar Curaçao om daar de Groninger Joannes Ferrarius (1698-1728) op te volgen als predikant. Hij zou er het zelfde jaar nog komen te overlijden. Daarna werd opnieuw een Groningse predikant naar Curaçao gezonden, namelijk Wigbold Rasvelt (1705-1757) (zie: ‘Geboortehuis van Wigbolt Rasvelt aan de Turfstraat’). LJ",In dienst van de WIC,Werklocatie,,,Woltersum,9795PC,Kerkpad,6,"53,270,714","6,730,651"
LJ-488,Het Huis Farmsum,"In Farmsum, een dorpje op steenworp afstand van Delfzijl, stond ooit het Huis Farmsum. Op deze grote borg woonden in de achttiende eeuw twee bewindhebbers van de Kamer Stad en Lande van de WIC. De eerste is Egbert Rengers van Farmsum (1687-1745), die in 1722 benoemd werd. De tweede is diens zoon, Lammert Schotto Rengers van Farmsum (1726-1779), wiens aanstelling in 1761 begon. Zowel Egbert als Lammert Schotto waren tevens bewindhebbers van de Verenigde Oost-Indische Compagnie. De borg is rond 1811 afgebroken. Op de borgstee staan tegenwoordig de scholen Ripperdaborg en Rengersborg, namen die naar de bewoners van de voormalige borg verwijzen. LJ","Bestuurder Kamer Stad en Lande van de WIC, Bestuurder VOC",Woonlocatie,,https://upload.wikimedia.org/wikipedia/commons/6/68/Beckeringh_-_Borg_Farmsum%2C_Farmsum.jpg,Farmsum,9936CR,Borgshof,20,"53,320,274","6,928,775"
LJ-505,Woonhuis van Lucas Trip aan de Turftorenstraat 13,"Lucas Trip (1713-1783) stamt uit het roemruchte geslacht Trip. Zijn moeder overleed bij zijn geboorte en zijn vader vertrok kort daarna naar Oost-Indië. Zijn grootouders, Lucas Nysingh (1646-1720) en Arendina Emmius (1652-1707), die in het Nysinghuis in Eelde woonden (zie: ‘Nysinghhuis te Eelde’) zorgden een aantal jaar voor hem. In 1742 betrok hij met zijn vrouw dit huis aan de Turftorenstraat 13. In de zomer vertoefden zij vooral op Landgoed ‘de Braak’ in Paterswolde, dat Lucas van zijn grootvader had geërfd. Trip vervulde allerlei bestuursfuncties. Zo werd hij lid van de Gedeputeerde Staten (in 1762 en 1768), de Staten-Generaal (in 1750, 1753, 1756, 1759 en 1771) en de Raad van State (1781). In 1763 verhuisde het gezin naar de Ossenmarkt 7. In 1772 werd hij benoemd tot bewindhebber van de Kamer Stad en Lande van de WIC en zeven jaar later ook tot burgemeester van Groningen. Op Turftorenstraat 13 staat tegenwoordig een huis met een gevel uit de negentiende eeuw. Het achterliggende pand heeft hoogstwaarschijnlijk een veel ouder casco. LJ",Bestuurder Kamer Stad en Lande van de WIC,Woonlocatie,,,Groningen,9712BM,Turftorenstraat,13,"53,218,238","6,561,291"
LJ-571,Huis van Hendrik Woortman aan de noordzijde van de Vismarkt,"Ergens aan de noordzijde van de Vismarkt stond het huis van Hendrik Woortman(1740-1779), slavenhandelaar en voormalig WIC ambtenaar aan de Nederlandse Goudkust, het huidige Ghana. Hij ging er wonen in 1778, het jaar voor zijn overlijden. Hendrik woonde in dit huis met twee dochters van een Ghanese moeder en waarschijnlijk ook een West-Afrikaanse bediende (zie ook: ‘Het voorval Woortman in de Herestraat’). LJ","Koloniaal bestuurder WIC, Slavenhandelaar",Woonlocatie,,,Groningen,,Vismarkt,,"53,217,541","6,564,887"
LJ-573,Woonhuis kruidenier aan de Pluimersstraat 12,"Aan het begin van de negentiende eeuw was er aan de Nieuweweg, nabij de Poelepoort een kruidenierszaak gevestigd van Luitje Hendriks Groeneveld. Van deze zaak is een vignet bewaard gebleven in het Amsterdam Pipe Museum (zie afbeelding). Op deze afbeelding zijn sigaren, een fles sterke drank en een baal koffie te zien, wat aangeeft dat bij de winkel koloniale waren verkrijgbaar waren. Door slaven geproduceerde goederen als suiker, cacao, koffie en tabak werden op meer plaatsen in de stad bewerkt en verkocht (zie: ‘De Branderij aan de Poelestraat 55’, ‘De Drie Webben aan de noordzijde van de Vismarkt’ en ‘Het Wapen van Drenthe aan de Herestraat 111’). De exacte locatie van de kruidenierszaak hebben we niet kunnen achterhalen. Volgens de kadastergegevens woonde de eigenaar in 1832 in de straat achter de Nieuweweg, in dit pand aan de Pluimerstraat. LJ",Handel in door slaven geproduceerde goederen,Woonlocatie,,http://pipemuseum.nl/pkcms/afbeeldingen/c/25.000/25.137/vig-tabak-tabaksvat-1_fs.jpg,Groningen,9711SW,Pluimerstraat,12,"53,217,919","6,574,487"
LJ-712,Werf van de West-Indische Compagnie bij de Noorderhaven ,"In het blok tussen de Werfstraat en de Zoutstraat lag aan de Noorderhaven de scheepswerf van de WIC. Op de kaart van Groningen van Egbert Haubois (1608/1610-1653) naar de situatie van 1643 is het logo van de Kamer Stad en Lande van de WIC op het terrein getekend. Er werd op deze werf ook werk verricht voor andere partijen en in economisch slechtere tijden werd het terrein zelfs geheel verhuurd. Aan de overzijde van het water, op wat heet ’De Hoek van ’t Ameland’, lag een van de belangrijkste pakhuizen van de WIC (zie: ‘Hoek van ’t Ameland aan de Noorderhaven 64’). Deze faciliteiten van de WIC bevonden zich op een strategische locatie: vlak bij de Kranepoort, waar het Reitdiep, de belangrijkste verbinding met de zee, de stad binnenstroomt. Bovendien konden schepen hier rechtdoor, het Lopende Diep opvaren om de goederen over te laden op schepen die verder de Hunze opvoeren, of rechtsaf, via de Aa richting Drenthe. LJ",Faciliteren van de slavenhandel,"Plek van productie, handel en bouw",,https://mappingslavery.files.wordpress.com/2014/12/img_20141125_154225.jpg,Groningen,9712VN,Werfstraat,1,"53,219,731","6,556,832"
LJ-031,De Compagnie aan de Noorderhaven 60,"Naast de vroegere locatie van het West-Indische Pakhuis (zie: ‘Hoek van ’t Ameland aan de Noorderhaven 64’) staat een groot pakhuis met de woorden ‘De Compagnie’ in witte verf op de gevel. Hoewel de oorsprong van deze benaming niet met zekerheid te achterhalen is, ligt een relatie met de WIC voor de hand. Of het pand zelf ook in bezit of gebruik is geweest van de WIC is niet zeker. LJ",Handel in door slaven geproduceerde goederen,"Plek van productie, handel en bouw",,,Groningen,9712VM,Noorderhaven,60,"53,219,438","6,557,912"
LJ-057,Borg Luinga te Bierum,"Op borg Luinga te Bierum woonde de van oorsprong Zuid-Nederlandse Daniel Henri l'Argentier (?-1756). Hij was getrouwd met Elizabeth Petronella Lewe, dochter van Evert Joost Lewe (1677-1753) (zie: ‘Huis te Aduard’) en Christina Emerentia van Berum, van wie ze de borg erfden. Toen l’Argentier in 1759 stierf werd zijn belang van 1200 gulden in de Kamer Stad en Lande van de WIC per opbod geveild. De koper was mevrouw E. Westpalm, die tussen de Boteringe- en Kijk in 't Jatbrug (Spilsluizen) in de stad gewoond zou hebben. L’Argentier bezat ook een stadhuis aan de Vismarkt 40 waar hij in de winter verbleef (zie: ‘Woonhuis van Daniel Henri l'Argentier aan de Vismarkt 40’) De borg Luinga is in 1825 afgebroken en het voormalige borgterrein is nu een park. De grachten en boogbrug daarover zijn aangemerkt als monument. LJ",Aandeelhouder Kamer Stad en Lande van de WIC,Woonlocatie,,,Bierum,,Verlengde Borgsingel,,"53,380,316","6,860,081"
LJ-130,Borg Sappema bij Lutjegast ,"Jonker Siger Sighers (?-1657) werd in 1629 benoemd tot bewindhebber van de Kamer Stad en Lande van de WIC. Hij investeerde 4000 gulden in deze Kamer en werd daarom in 1643 als hoofdparticipant aangemerkt. Op een zeker moment stopte hij tijdelijk als bewindhebber, waarna hij vanaf 1649 opnieuw de functie vervulde tot zijn dood. Sighers woonde op de borg Sappema bij Lutjegast. Op de plaats waar voorheen deze borg stond staat tegenwoordig een boerderij. De grachten zijn nog te zien. LJ","Aandeelhouder Kamer Stad en Lande van de WIC, Bestuurder Kamer Stad en Lande van de WIC",Woonlocatie,,,Lutjegast,9866TJ,Westerhornerweg,36,"53,248,579","6,260,657"
LJ-140,Kruidenierszaak van Woortman aan het Damsterdiep,"Ergens hier aan de noordzijde van het Damsterdiep bevond zich de kruidenierszaak van de familie Woortman. Pieter Woortman (1700-1780) was geboren in Soest in Brandenburg. In 1721 ging hij in dienst van de WIC naar de Nederlandse Goudkust, het huidige Ghana. Daar klom hij snel op tot militair commandant en hoofd van Fort Elmina, een centrum waar slaven werden gekocht en gevangen gehouden, voorafgaand aan hun transport over zee.  In 1730 verhuisde hij naar Groningen, waar hij zijn kruidenierszaak aan het Damsterdiep begon. Elf jaar later besloot Woortman terug te keren naar de Goudkust. Hij liet zijn vrouw, Elisabeth Carrier (1709-1773) – die de winkel voortzette – en hun drie zoons en een dochter in Groningen achter. Aan de Goudkust werd Woortman al snel bevorderd tot hoofd van Fort Lijdzaamheid bij Apam en een paar jaar later werd hij benoemd tot ondercommies van Fort Elmina en raakte hij opnieuw betrokken bij het dagelijks bestuur van dit fort. Hij ging daar een relatie aan met Afodua, een vrouw uit een voorname Ghanese familie waarmee hij zes kinderen kreeg. Samen, en met behulp van het netwerk van de familie van zijn Ghanese vrouw, hadden ze een winstgevende slavenhandelsonderneming. Van 1767 tot zijn dood was Woortman directeur-generaal van de Nederlandse Goudkust op Fort Elmina, waarmee hij de langstzittende directeur-generaal zou worden. Zijn kinderen, zowel uit zijn Nederlandse gezin als de kinderen die hij met Afodua kreeg, werkten in het familiebedrijf. Enkelen van hen zien we later terug in Groningen (zie: ‘Huis Delmina bij Engelbert’, en ’Het voorval Woortman in de Heerestraat’). LJ ","Koloniaal bestuurder WIC, Slavenhandelaar","Plek van productie, handel en bouw",,,Groningen,,Damsterdiep,,"53,217,638","6,575,980"
LJ-649,Het Wapen van Drenthe aan de Herestraat 111 ,"Vlak bij de voormalige Heerepoort stond in 1820 de tabaks/kruidenierswinkel ‘Het Wapen van Drenthe’, van Franciscus Lieftinck. Er werden verschillende soorten tabak verkocht, maar ook koffie, thee en Zeeuwse chocolade. Veel van deze producten werden door tot slaafgemaakten geproduceerd (zie voor andere verkopers van dergelijke producten: ‘De Branderij aan de Poelestraat 55’, ‘De Drie Webben aan de noordzijde van de Vismarkt’ en ‘Woonhuis kruidenier aan de Pluimersstraat 12’). In 1849 werd om de hoek in de Raamstraat ook een tabaksfabriek geopend . Dit bedrijf werd in 1932 overgenomen door de tabaksfabriek van Theodorus Niemeijer. Op dit moment is er een Indonesisch restaurant in het pand gevestigd. LJ",Handel in door slaven geproduceerde goederen,"Plek van productie, handel en bouw",,http://www.pipemuseum.nl/pkcms/afbeeldingen/c/25.000/25.265/vig-tabak-wapen-west-drenthe-1_fs.jpg,Groningen,9711LG,Herestraat,111,"53,214,184","6,568,937"
LJ-653,Woonhuis van Daniel Henri l'Argentier aan de Vismarkt 40 ,"In de winter woonde hier Daniel Henri l'Argentier (?-1756) , aandeelhouder van de Kamer Stad en Lande van de WIC. De rest van het jaar woonde hij op de borg Luinga te Bierum (zie: ‘Borg Luinga te Bierum’). Hij liet voor het pand, dat een middeleeuws casco heeft, de huidige gevel bouwen. Van het weelderige interieur in Friese hofstijl dat l’Argentier aan de binnenkant liet aanbrengen is nog wat terug te vinden. In 1929 werd het royale trappenhuis dat hij liet aanbrengen in twee delen opgedeeld. Op dit moment is er een woonwinkel in het pand gevestigd. LJ",Aandeelhouder Kamer Stad en Lande van de WIC,Woonlocatie,,,Groningen,9711KT,Vismarkt,40,"53,217,013","6,565,066"
LJ-081,West-Indisch Huis aan de Munnekeholm ,"Tussen de Reitemakersrijge, de Schuitemakersstraat en de Munnekeholm lag ooit het terrein van de Kamer Stad en Lande van de WIC. Dit gebied behoorde voor de Reductie van Groningen in 1594 toe aan het klooster van Aduard. Met de Reductie werd het terrein door de stedelijke bestuurders  in beslag genomen en vanaf 1622 kosteloos ter beschikking gesteld aan de Kamer. Er waren pakhuizen waar goederen opgeslagen werden en er stonden kantoorgebouwen waar vergaderd werd. De opslagruimte bleek al snel ontoereikend, waarop elders in de stad gebouwen beschikbaar werden gesteld (zie: ‘Jacobijnerklooster aann de Oude Ebbingestraat’). Bij het West-Indisch Huis woonden ook enkele werknemers van de Kamer, zoals de familie Blencke, die vanaf het begin in 1622 tot het einde in 1792 in dienst was van de WIC (zie daarover: ‘Brinkhoven in Paterswolde’). Later waren er onder andere een academisch ziekenhuis en postkantoor op dit terrein gevestigd. Het enige overgebleven gebouw is het Aduarder Gasthuis.  LJ",Handel in door slaven geproduceerde goederen,"Plek van productie, handel en bouw",,https://upload.wikimedia.org/wikipedia/commons/thumb/d/d6/Bulthuis_-_WIC-kantoor_Groningen_Munnekeholm.png/1024px-Bulthuis_-_WIC-kantoor_Groningen_Munnekeholm.png,Groningen,9711JA,Munnekeholm,1,"53,215,920","6,561,553"
LJ-041,Damkerk in Hoogezand ,"In deze kerk zijn op de preekstoel wapenschilden te zien van onder andere de families Butler en Trip. Beide families, die in Hoogezand veenkoloniale borgen in hun bezit hadden, waren op verschillende manieren bij de WIC en bij de slavenhandel betrokken. William Butler (1686-1731) was lange tijd aan de Nederlandse Goudkust, het huidige Ghana, voor de WIC werkzaam als directeur van Fort Elmina. Daarna ging hij wonen in de borg Overwater te Hoogezand dat hij kocht van de kapitein Thomas van Seeratt (1676-1736) (zie: ‘Huize Overwater aan de Hoofdstraat 20 in Hoogezand’). De familie Trip heeft een lange geschiedenis met zowel de WIC als de VOC. De bekendste leden van de familie woonden in Amsterdam, waar zij het Trippenhuis, het huidige pand van de Koninklijke Nederlandse Academie voor Wetenschappen, aan de Kloveniersburgwal in hun bezit hadden. Groningers Louis Trip (1654-1689) (zie: ‘Warffumborg bij Warffum’) en Lucas Trip (1713-1783) (zie: ‘Woonhuis van Lucas Trip aan de Turftorenstraat 13’) waren bij zowel de Groningse als de Amsterdamse Kamer van de WIC betrokken. LJ","Bestuurder Kamer Stad en Lande van de WIC, Koloniaal bestuurder WIC, Aandeelhouder Kamer Stad en Lande van de WIC, Aandeelhouder Kamer Amsterdam van de WIC",Plaats van herinnering,,,Hoogezand,9601EH,Hoofdstraat,2,"53,163,316","6,756,520"
LJ-047,Borg Hanckema te Zuidhorn ,"In 1637 investeerde Jonker Pabo Broersema (1586-1646) 5000 gulden in de Kamer Stad en Lande van de WIC om zo de positie van de Ommelanden te versterken. Er woedde een continue strijd tussen de twee regionale machtsblokken, Stad en Ommelanden, om de macht binnen de Kamer. Broersema woonde op de borg Hanckema te Zuidhorn, die in 1876 gesloopt is. Enkele bouwdelen zijn wel bewaard gebleven. Zo is een schouw later geplaatst in de Taco Mesdagzaal van het voormalige Groninger Museum aan de Praediniussingel in de stad Groningen. Dwars over het borgterrein loopt tegenwoordig de Hanckemalaan, waarop sinds 1993 de contouren van de borg staan aangegeven. LJ",Aandeelhouder Kamer Stad en Lande van de WIC,Woonlocatie,,https://upload.wikimedia.org/wikipedia/commons/thumb/5/52/Hanckemaborg_-_contouren.jpg/1280px-Hanckemaborg_-_contouren.jpg,Zuidhorn,9801HJ,Hanckemalaan,5,"53,247,326","6,403,369"
LJ-102,Borg Nijenstein te Zandeweer ,"De borg Nijenstein te Zandeweer is in bezit geweest van meerdere families die banden hadden met de WIC. De belangrijkste is de familie Clant. Edzard Jacob Clant (1584-1648) was mede-oprichter en gedurende twintigjaar directeur van de Kamer Amsterdam van de WIC. Ook was hij betrokken bij de Kamer Stad en Lande: hij legde 7000 gulden in bij de oprichting en was er van 1622 tot 1648 bewindhebber. Clant had de vorige borg op deze locatie, Scheltkema, in 1633 gekocht en laten afbreken, waarna hij Nijenstein liet bouwen. Naast zijn werk voor de WIC vervulde hij nog vele andere vooraanstaande posten, zoals lid van de Staten-Generaal (in 1618 en 1619, daarna van 1624 tot 1631) en lid van de Raad van State (vanaf 1624). Ook zijn zoon, Egbert Clant (1634-1709) oefende vanaf 1659 de taak van bewindhebber van de Kamer Stad en Lande van de WIC uit. Egbert investeerde veel geld in het opknappen van de borg. Toen hij in 1709 overleed, erfde zijn schoonzoon Onno Tamminga van Alberda (1669-1743) de borg. Tamminga van Alberda werd in 1717 benoemd tot bewindhebber van de Kamer Stad en Lande van de WIC. In de stad Groningen had hij het Calmerhuis in bezit, dat hij in 1722 verkocht aan Thomas van Seeratt (1676-1736) (zie: ‘Calmershuis aan de Oude Boteringestraat 24’). Na het overlijden van Onno Tamminga van Alberda kwam Nijenstein in handen van zijn zoon Mello (1701-1764), die van 1749 tot zijn dood, met een korte pauze rond 1761, bewindhebber van de Kamer Stad en Lande van de WIC zou zijn. De borg zelf staat er vandaag de dag niet meer, want hij is in 1811 afgebroken. Er is vrijwel niets meer van terug te vinden in het landschap. LJ","Aandeelhouder Kamer Amsterdam van de WIC, Bestuurder Kamer Amsterdam van de WIC, Aandeelhouder Kamer Stad en Lande van de WIC, Bestuurder Kamer Stad en Lande van de WIC",Woonlocatie,,http://collectie.groningermuseum.nl/wwwopacx/wwwopac.ashx?command=getcontent&server=images&value=1941_1950\1947.0112.jpg&width=400&height=400,Zandeweer,,,,"53,386,710","6,690,535"
LJ-071,Huize Overwater aan de Hoofdstraat 20 in Hoogezand ,"In 1724 kocht de voormalige directeur van Fort Elmina William Butler (1686-1731) de veenborg Overwater van Thomas van Seeratt (1676-1736) (zie: ‘Calmershuis aan de Oude Boteringestraat 24’ in Groningen). Het huis stond aan de zuidkant van het Winschoterdiep. Tegenwoordig is dit kanaal omgeleid langs de noordkant van Hoogezand. Het oude Winschoterdiep is gedempt en heet nu de Hoofdstraat. De borg, waar Butler ging wonen, stond schuin tegenover het oude gemeentehuis. Butler, afkomstig uit een vooraanstaande Schotse familie, was al enige tijd werkzaam voor de WIC in het huidige Ghana. Hij was eerst oppercommies te Axim en probeerde daar op slavenarbeid gebaseerde katoen- en indigoplantages van de grond te krijgen. Als oppercommies en later als directeur van Fort Elmina hield hij zich bezig met slavenhandel. Waarom hij precies naar Groningen kwam is niet zeker. Hij lijkt goed te zijn ingeburgerd, want zijn familiewapen staat op het spreekgestoelte in de nabijgelegen Damkerk (zie: ‘Damkerk in Hoogezand’). Butler zou uiteindelijk in Groningen overlijden in 1731 en werd begraven in de Martinikerk (zie: ‘Martinikerk’). Huize Overwater werd enige malen ingrijpend verbouwd en uiteindelijk in 1973 gesloopt. Vandaag de dag staat er op de voormalige locatie van Overwater een flat met de zelfde naam. LJ",Koloniaal bestuurder WIC,Woonlocatie,,,Hoogezand,9601EH,Hoofdstraat,20,"53,163,547","6,765,312"
LJ-053,Praalgraf in de Bartholomeuskerk te Stedum ,"In dit praalgraf, op een steenworp afstand van één van hun borgen, liggen vier leden van de familie Clant begraven. Ten minste één van hen had banden met de WIC: Adriaan Clant (1599-1665) was hoofdparticipant van de Kamer Stad en Lande van de WIC (zie: ‘Borg Nittersum te Stedum’). Dit graf is één van slechts twee praalgraven die in de huidige provincie Groningen te vinden zijn. In de kerk van Midwolde bevindt zich het tweede Groningse praalgraf voor de heer van Nienoord en zijn vrouw, Anna van Ewsum (1640-1714) (zie: ‘Praalgraf in de kerk van Midwolde’). Beide praalgraven zijn ontworpen door de vooraanstaande Mechelse beeldhouwer Rombout Verhulst (1624-1698). LJ",Aandeelhouder Kamer Stad en Lande van de WIC,Plaats van herinnering,,,Stedum,9921PC,Klokkenpad,2,"53,322,293","6,693,849"
LJ-038,Calmershuis aan de Oude Boteringestraat 24 ,"Dit statige pand in de Oude Boteringestraat is waarschijnlijk rond 1250 gebouwd en is daarmee één van de oudste gebouwen van de stad Groningen. In de eerste helft van de achttiende eeuw woonde de in Zweden geboren kapitein Thomas van Seeratt (1676-1736) er. Hij kocht het huis van Onno Tamminga van Alberda (1669-1743), bewindhebber van de Kamer Stad en Lande van de WIC (zie: ‘Borg Nijenstein te Zandeweer’). Van Seeratt wordt nu vooral herinnerd om zijn verdienste als provinciaal commies verantwoordelijk voor de zeewering. Minder bekend bij het grote publiek is dat hij van 1695 tot 1716 kapitein was, ook in dienst van de Kamer Stad en Lande van de WIC. Op zijn laatste tocht, in 1715, trok Van Seeratt met zijn schip De Nieuwe Post naar het Loango-Angola kustgebied, dat zich uitstrekt van het huidige Gabon tot Angola, om daar slaven in te kopen. Onderweg maakte hij een Zeeuws illegaal smokkelschip, Vlissingens Welvaren geheten, buit. Dit schip was ook volgeladen met slaven. Van de 795 slaven die vervoerd werden op de schepen kon hij er bij aankomst in Curaçao 753 verkopen. De overigen waren te zwak, te ziek of inmiddels overleden. Waar Van Seeratt in Groningen vooral om herinnerd wordt is zijn rol bij de kerstvloed van 1717. Na deze vloed spande hij zich in om de dijken en waterstaat van het gewest te verbeteren. Daarna werd hij in 1721, als beloning voor zijn inspanningen, benoemd tot rentmeester. Van Seeratt was de oom van WIC kapitein Jurriaan Lindenberg (?-1751) (zie: ‘Woonhuis van Jurriaan Lindenberg aan het Nieuwe Kerkhof’). Seeratt bezat naast het Calmershuis ook een buiten in Hoogezand, ’Overwater’ geheten (zie: ‘Huize Overwater aan de Hoofdstraat 20 in Hoogezand’). Sinds 2012 kan men een geel vaartuig door  de wateren van Groningen zien passeren. Het is het werkschip van de provincie Groningen die daarmee de waterwegen, oevers en bruggen onderhoudt. Na een prijsvraag onder het personeel werd dit schip vernoemd naar Thomas van Seeratt. LJ",Kapitein slavenschip,Woonlocatie,,https://upload.wikimedia.org/wikipedia/commons/d/d5/Calmershuis.jpg,Groningen,9712GH,Oude Boteringestraat,24,"53,219,322","6,564,419"
LJ-406,Woonhuis van Jurriaan Lindenberg aan het Nieuwe Kerkhof,"Op de hoek van de Nieuwe Boteringestraat en het Nieuwe Kerkhof woonde Jurriaan Lindenberg (?-1751) met zijn gezin vanaf 1736. Hij was de neef van Thomas van Seeratt (1676-1736) (zie: ‘Calmershuis aan de Oude Boteringestraat 24’), die eerder kapitein van slavenschepen geweest was. Zelf kwam Lindenberg ook als kapitein in dienst van de Kamer Stad en Lande van de WIC. Hij leidde meerdere transporten van tot slaafgemaakten vanaf de West-Afrika, de vroegste waarschijnlijk in 1727 en de laatste in 1747. In 1727 verging zijn schip tijdens de reis. Kennelijk wist hij die tocht te overleven, want in 1744 vervoerde hij opnieuw 340 slaven naar Suriname. In 1747 waren dat er zelfs 628 in één reis. Naast het vervoeren van slaven was het zijn taak ‘lorredraaiers’ - smokkelschepen die buiten het monopolie van de WIC om opereerden - te overmeesteren voor de kust van Elmina, in het huidige Ghana. Toen hij daar in 1733 met zijn schip lag hoorde hij waarschijnlijk van het pas verweesde jongetje Arij de Graaff (1729-1788). De Graaff was het kind uit een relatie tussen de Rotterdamse equipagemeester Martinus de Graaff en een lokale vrouw. Als niet geëcht kind deelde hij niet in de erfenis van zijn vader. De familie bekommerde zich klaarblijkelijk niet om hem, want dominee Isaac Ketelanus, die van in Fort Elmina dienst deed, doopte Arij in 1734  , waarna hij en Lindenberg de jongen onder hun hoede namen. Datzelfde jaar vertrok Ketelanus, omdat hij in opspraak was geraakt, onder andere vanwege het dopen van niet geëchte kinderen. Of Arij bij Lindenberg in Groningen is opgegroeid is niet zeker. Vast staat dat Arij het later nog ver zou schoppen, zowel aan de Nederlandse Goudkust als in Groningen (zie: ‘Onstaborg te Wetsinge’) Lindenberg maakte ondertussen carrière bij de WIC, bij zijn dood werd vermeld dat hij ‘oppercommies van Nederlands Afrika’ was, wat betekende dat hij de dagelijkse leiding over een fort had gehad. LJ","Kapitein slavenschip, Koloniaal bestuurder WIC, Zwarte Groninger",Woonlocatie,,,Groningen,,Nieuwe Kerkhof,,"53,222,516","6,561,426"
LJ-067,Het voorval Woortman in de Herestraat ,"In de gerechtelijke archieven van de stad Groningen van 1779 staat een opmerkelijk voorval vermeld dat plaats zou hebben gehad in de Herestraat. Ene ‘Heer Woordman (sic) onlangs uit West Indiën terug gekoomen’ zou een paar dagen daarvoor, toen hij ‘met de koets door de Heerestraat passeerende door het gemeen seer soude sijn gemolesteert, veroorsaakt doordien er een swarte knegt agter op de koets hadde gestaan’. Ene Woordman, die pas teruggekeerd was uit de West (vermoedelijk klopt dit echter niet en ging het om West-Afrika) zou dus zijn gemolesteerd in de Herestraat. De reden daarvoor lijkt de aanwezigheid van een ‘swarte knegt’ op de koets. Het moet hier gaan om Hendrik Woortman (1740-1779), de jongste zoon van Pieter Woortman (1700-1780) (zie: 'De kruidenierszaak van Woortman aan het Damsterdiep’). Hij werkte vanaf 1759 met zijn vader samen  aan de Nederlandse Goudkust, het huidige Ghana, waar hij fortuin vergaarde in de slavenhandel. In 1778 werd Hendrik ziek en keerde hij terug naar Nederland. De zwarte knecht die hij meenam zorgde blijkbaar voor opschudding, maar hij of zij was op dat moment zeker niet de enige inwoner van het gewest met een zwarte huidskleur (zie: ‘Stadtwijck in Sappemeer’). LJ","Slavenhandelaar, Zwarte Groninger",Historische gebeurtenis,,,Groningen,,Herestraat,,"53,217,462","6,567,109"
LJ-085,Woonhuis van Antony Adriaan van Iddekinge in de Oosterstraat ,"In de Oosterstraat bevond zich het huis van Antony Adriaan van Iddekinge (1711-1789), die vele belangrijke functies bekleedde waaronder die van burgemeester van Groningen, gedeputeerde van de Provincie Groningen en gecommitteerde van de Raad van State. Ook was Van Iddekinge bewindhebber van de Kamer Amsterdam van de WIC en directeur van de particuliere landelijke koloniale onderneming ‘de Sociëteit van Suriname’, die verantwoordelijk was voor de winstgevende exploitatie van Suriname. Van Iddekinge was als directeur verantwoordelijk voor de organisatie van de aanvoer van slaven en kolonisten naar de kolonie en het bestuur en de verdediging van Suriname. Zijn huis in de Oosterstraat brandde volledig af in 1775. LJ",Bestuurder Kamer Amsterdam van de WIC,Woonlocatie,,,Groningen,,Oosterstraat,,"53,216,989","6,570,155"
LJ-134,Borg Bloemersma te Niekerk ,"In 1772 werd Edzard Reint Alberda (1708-1775) benoemd tot bewindhebber van de Kamer Stad en Lande van de WIC. Hij woonde van 1728 tot 1781 officieel op de borg Bloemersma te Niekerk. Hij had de borg gekocht van Rudolph de Mepsche (1695-1754) (zie: ‘Borg Bijma te Faan’). Eerder was de borg ook bezit geweest van Pabo Broersema(1586-1646) (zie: ‘Borg Hanckema te Zuidhorn’). In de praktijk verbleef Alberda echter meestal in zijn huis in de stad waarvan de locatie niet bekend is. Hij werd in 1781 ook eigenaar van de borg Bijma te Faan, waar hij vanaf dat moment vaker vertoefde. De borg Bloemersma bestaat niet meer en van het borgterrein is niets meer over. LJ",Bestuurder Kamer Stad en Lande van de WIC,Woonlocatie,,,Niekerk,,,,"53,226,662","6,349,987"
LJ-390,Brouwerij van Gerardus Nanninga  in de Oosterstraat,"In de Oosterstraat stond de brouwerij van Gerardus Nanninga (1684-1737). Hij leverde bier voor de schepen van de Kamer Stad en Lande van de WIC, bijvoorbeeld zes ton zwaar bier en 46 ton klein bier in 1715 voor het schip ’De Nieuwe Post’ dat naar de Nederlandse Goudkust, het huidige Ghana, en Curaçao zou varen (zie: ‘Calmershuis aan de Oude Boteringestraat 24’). In 1725 besloot Nanninga zelf naar de Goudkust te vertrekken, waar hij aangesteld werd als hofmeester van de directeur-generaal van Fort Elmina en later commandant van Fort Coenraadsburg bij Elmina. Voor de WIC was Elmina was een belangrijk centrum van de slavenhandel.  Waar in de Oosterstraat de brouwerij precies stond hebben we niet vast kunnen stellen.  LJ",Faciliteren van de slavenhandel,"Plek van productie, handel en bouw",,,Groningen,,Oosterstraat,,"53,217,110","6,569,869"
LJ-711,De Drie Webben aan de noordzijde van de Vismarkt,"Aan de noordzijde van de Vismarkt bevond zich vroeger een huis genaamd ‘De Drie Webben’. Hier woonde koopman Berend Jansen (?-1628). Hij was lid van de groep bewindhebbers die de Kamer Stad en Lande van de WIC hebben opgericht in 1622. Jansen was samen met Willem Viersen (?-1630) (zie: ‘Martinikerk’) verantwoordelijk voor het innen van het geld dat de verschillende participanten inlegden. In de winkel ‘De Drie Webben’ verkocht Jansen tabak, één van de producten die tot slaafgemaakten produceerden (zie voor andere verwerkers of verkopers van dergelijke producten in de stad: ‘De Branderij aan de Poelestraat 55’, ‘Het Wapen van Drenthe aan de Herestraat 111’ en ‘Woonhuis kruidenier aan de Pluimersstraat 12’). Ruim twee eeuwen later was er nog steeds of opnieuw een winkel met de naam ‘De Drie Webben’ gevestigd aan de Vismarkt. De uitbater, W. Brouwer  verhandelde ook tabak. LJ",Handel in door slaven geproduceerde goederen,"Plek van productie, handel en bouw",,http://www.pipemuseum.nl/pkcms/afbeeldingen/c/25.000/25.284/vig-tabak-drie-webben-1_fs.jpg,Groningen,,Vismarkt,,"53,217,236","6,564,914"
LJ-054,Tammingaborg te Bellingeweer  ,"Op de Tammingaborg, ook wel het Huis te Bellingeweer genoemd, woonde Jonker Onno Tamminga (1577-1652) die in 1622 één van de oprichters van de Kamer Stad en Lande van de WIC was. In 1649 was hij geen bewindhebber meer, maar wanneer hij deze taak precies neerlegde is onbekend. Wellicht gaf hij het stokje door aan zijn zoon Schotto Tamminga (1621-1663), die in 1643 als hoofdparticipant vermeld stond met een belang van 4000 gulden in dezelfde Kamer. Hij werd dat jaar ook benoemd tot bewindhebber en zes jaar later nam hij de taak van voorzitter van de Kamer voor zijn rekening. Hij bleef bewindhebber tot zijn dood in 1663. Ook zijn broer, Onno Tamminga (circa 1614-1684), was van 1679 tot 1683 bewindhebber van deze Kamer. In 1683 duikt opnieuw een pas verkozen Onno Tamminga (1650-1689) op als bewindhebber. Het gaat hier om de zoon van de voorgenoemde Schotto Tamminga. Deze Onno Tamminga de jonge was bewindhebber tot 1689. Daarnaast was hij lid van de Staten-Generaal. In 1705 werd Eilco Tamminga (circa 1655-circa 1720), die de kleinzoon zou kunnen zijn van Onno Tamminga de jonge, benoemd als bewindhebber in de Kamer Stad en Lande van de WIC. Hij bleef dat tot zijn dood. Daarna komen er nog wel Tamminga's voor op de lijst met bewindhebbers, maar die zijn dan verhuisd naar Borg Nijenstein te Zandeweer. De Tammingaborg is in 1820 afgebroken, maar de borgstee is nog duidelijk te herkennen in het huidige hertenkamp aan de rand van het dorp Winsum. LJ","Bestuurder Kamer Stad en Lande van de WIC, Aandeelhouder Kamer Stad en Lande van de WIC",Woonlocatie,,https://upload.wikimedia.org/wikipedia/commons/b/bd/Beckeringh_-_Tammingaborg%2C_Bellingeweer.jpg,Winsum,9951BM,Tammingasingel,6,"53,323,851","6,520,965"
LJ-094,Tripscompagnie ,"Vanaf 1667 woonde Adriaan Trip (1620-1684) in de buurt van Wildervank, waar hij zijn kapitaal investeerde in veenontginning. Dit geld had hij verdiend met de handel in hout, wapens, ijzer en koper, waarmee onder andere zeeschepen voor de Verenigde Oost-Indische Compagnie (VOC), de WIC en de Admiraliteit gebouwd werden. Hij woonde lange tijd afwisselend in Nederland en Zweden. Adriaan was de zoon van wapenhandelaar Elias Jacobszoon Trip (1570-1636), die betrokken was bij de oprichting van de VOC. Nadat Adriaan zich vestigde in de huidige provincie Groningen, raakte hij betrokken bij veenontginning door de Muntendammer Compagnie en richtte de Trips Compagnie op die door zijn nazaten zou worden voortgezet.  Het dorp ‘Tripscompagnie’ ontstond door de verveningsactiviteiten van de Compagnie. Adriaan Trip had meerdere Groningse familieleden die bij verschillende Kamers van de WIC betrokken zouden raken, zoals zijn zoon Louis Trip (1654-1689) (zie: ‘Warffumborg bij Warffum’) en Lucas Trip (1713-1783) (zie: ‘Woonhuis van Lucas Trip aan de Turftorenstraat 13’). LJ",Faciliteren van de slavenhandel,Onroerend goed,,,Tripscompagnie,,,,"53,138,166","6,824,863"
LJ-046,Jacobijnerklooster aan de Oude Ebbingestraat,"Op de hoek van de Oude Ebbingestraat en de Jacobijnerstraat bevond zich het Jacobijnerklooster. Net als bij het Pepergasthuis ging ook hier met de Reductie van Groningen in 1594 het katholieke bezit over op de provinciale en lokale machthebbers. Het Jacobijnerklooster werd in eerste instantie als ‘tuchthuys’ gebruikt, maar vanaf 1623 werd een aanzienlijk deel toegewezen aan de pas opgerichte Kamer Stad en Lande van de WIC. Het pand had echter geen ideale locatie en was ook slecht onderhouden. Het bestuur van de Kamer nam er geen genoegen mee en gaf voorkeur aan de locatie van het voormalige Aduardergasthuis aan de Munnekeholm  (zie: ‘West-Indisch huis aan de Munnekeholm’). Wel zijn de ruimtes in het Jacobijnerklooster nog enige tijd door de Kamer in gebruik geweest als opslag voor handelswaar, met name suiker. Het klooster is in de negentiende eeuw afgebroken, nu staan er winkels en woonhuizen op het terrein. LJ",Handel in door slaven geproduceerde goederen,"Plek van productie, handel en bouw",,https://mappingslavery.files.wordpress.com/2014/12/img_20141125_151546.jpg,Groningen,9712HB,Oude Ebbingestraat,39,"53,220,359","6,566,606"
LJ-716,Geboortehuis van Wigbolt Rasvelt aan de Turfstraat,"In 1705 werd Wigbold Rasvelt (1705-1757) geboren in wat nu de Turfstraat heet. Zijn vader was lid van het Kremersgilde, waarbinnen drukkers, boekverkopers en boekbinders elkaar vonden. Wigbold werd predikant.  In 1728 vertrok hij naar de Deense Antillen, de huidige Amerikaanse Maagdeneilanden. Onderweg deed het schip Curaçao aan, waar op dat moment net de predikant Joannes Ferrarius (1698-1728) (ook een Groninger) was overleden. Rasvelt bleef er tot de officiële opvolger, Nathan Erichson (1698-1729) (zie: ‘Kerk van Woltersum’) was gearriveerd. Daarna vervolgde hij zijn reis, al keerde hij korte tijd later, na Erichson overlijden, terug; ditmaal om te blijven. Hij trouwde er tot tweemaal toe met een Curaçaose . In 1757 stierf Rasvelt nadat hij net ontslag had aangevraagd, omdat hij naar eigen zeggen de hitte fysiek niet goed aankon. LJ",In dienst van de WIC,Woonlocatie,,,Groningen,,Turfstraat,,"53,221,094","6,569,758"
LJ-048,Het Huis te Aduard ,"In de vroege zeventiende eeuw woonde op het Huis te Aduard jonker Albert Coenders (?-1644). Hij was van 1606 tot 1644 de redger van Aduard, wat betekende dat hij namens het gewest de rechten van de voormalige abdij Aduard beheerde. Hij werd in 1629 benoemd tot bewindhebber van de Kamer Stad en Lande van de WIC. Als hoofdparticipant in dezelfde Kamer had hij een belang van 10.000 gulden in 1643. Na Coenders is de borg nog in bezit geweest van onder andere Adriaan Clant (1599-1665) (zie: ‘Borg Nittersum te Stedum’) en Evert Joost Lewe (1677-1753), die in 1717 benoemd tot bewindhebber van de Kamer Stad en Lande van de WIC. In 1815 werd de borg afgebroken. De resten ervan liggen vandaag de dag onder deze woonbuurt in Aduard. LJ","Aandeelhouder Kamer Stad en Lande van de WIC, Bestuurder Kamer Stad en Lande van de WIC",Woonlocatie,,,Aduard,,Kloosterstraat,,"53,257,464","6,460,840"
LJ-540,Borg Tuwinga bij Ten Post,"Edzard Rengers (1578-1652) van Ten Post, Drost van Wedde, had in 1643 als hoofdparticipant een aandeel van 4000 gulden in de Kamer Stad en Lande van de WIC. Ook was hij van 1635 tot 1649 bewindhebber in deze Kamer. Op de afbeelding, de lijkstatie van Ernst Casimir uit 1633, is hij te zien naast Wolter Schonenborgh  (?-1671), Drost van 't Oldambt en later president van de Raad van Brazilië. Edzard was de broer van Rembt Rengers  (?-circa 1633), die tot 1631 verantwoordelijk was voor de financiën van de Groningse Kamer. Edzard Rengers woonde op borg Tuwinga bij Ten Post. De borg is rond 1789 afgebroken. Het borgterrein lag tussen de Ter Poster Ae en de B. Kuiperweg. De N865 loopt er dwars over heen. LJ","Aandeelhouder Kamer Stad en Lande van de WIC, Bestuurder Kamer Stad en Lande van de WIC",Woonlocatie,,https://mappingslavery.files.wordpress.com/2014/12/lijkstatieernstcasimir18.jpg,Ten Post,9792PJ,B. Kuiperweg,29,"53,295,010","6,734,208"
BH-001,Woonhuis van Jhr. Prof. P.J. van Winter aan de Noorderhaven 15 ,"In dit monumentale pand aan de Noorderhaven woonde vele jaren  Jonkheer prof. P. J. van Winter (1895-1990), die in 1939 werd benoemd tot hoogleraar vaderlandse en algemene geschiedenis aan de Rijksuniversiteit Groningen. Van Winter was een vooraanstaand historicus in zijn tijd  en auteur van het voor ons onderzoek belangrijke publicatie over de Groningse kamer van de West-Indische Compagnie. In 1947 werd  hij lid van de prestigieuze Koninklijke Nederlandse Akademie van Wetenschappen. In het collegejaar 1953-‘54 werd hij Rector Magnificus van de Groningse universiteit. Voor zijn proefschrift over Het aandeel van den Amsterdamschen handel aan de opbouw van het Amerikaansche Gemeenebest  (1927) verdiepte hij zich in de Nederlandse overzeese geschiedenis en in de jaren 1930 werd zijn belangstelling voor de geschiedenis van Zuid-Afrika gewekt. Dat wil zeggen: voor de doorwerking van de koloniale geschiedenis van Nederland in Zuid-Afrika, nadat de Britten de Kaapkolonie in 1608 hadden overgenomen. Hij was secretaris van de Nederlandsch-Zuid-Afrikaansche Vereeniging (NZAV) en vanaf 1939 tot 1980  was hij eindredacteur van het orgaan van deze vereniging, het maandblad Zuid-Afrika. Hoewel hij streefde naar een neutraal standpunt, was zijn sympathie en identificatie met blanke, nationalistische Afrikaners in de kolommen van dit maandblad duidelijk merkbaar. In november 1953 nam hij persoonlijk een eredoctoraat van de Afrikaner universiteit van Stellenbosch in Zuid-Afrika in ontvangst. Naarmate de Anti-Apartheidsbeweging in Nederland groeide, steeg ook de kritiek op de NZAV en haar orgaan. Van Winter trok zich daar weinig van aan. Hij benaderde zowel het heden als het verleden van Zuid-Afrika vanuit een perspectief dat weinig aandacht had voor de meerderheid van de zwarte Afrikanen of anderen, die als slaven of als contractarbeiders naar Zuid-Afrika waren verscheept.  Ruim na zijn emeritaat  in 1965 verscheen in 1978 het waardevolle, zeer gedetailleerde - en tot nog toe enige - werk over de Kamer Stad en Lande van de WIC van zijn hand. Ook voor deze publicatie deed Van Winter gedegen archiefonderzoek en hij rapporteerde uitgebreid over het financiële wel en wee van deze Groningse tak van de landelijke WIC. Zijn uitgangspunt werd gevormd door de Groningse Kamer en haar belangen, waardoor hij voorbij ging aan de rol die deze Kamer speelde in het faciliteren van de slavenhandel en slavernij. BH ",Academisch onderzoeker van het slavernijverleden,Woonlocatie,,,Groningen,9712VE,Noorderhaven,15,"53,220,747","6,559,697"